date,price,total_volume,market_cap,coin_name
2020-12-21,0.9750813700303343,12117416.259437257,30869581.824514575,frax
2020-12-22,0.9750813700303343,12117416.259437257,30869581.824514575,frax
2020-12-23,1.0010498827899095,3307646.954558307,27914354.264784694,frax
2020-12-24,0.991595815364572,2465529.23864036,25619283.64563733,frax
2020-12-25,0.9998029846208307,2778572.8196442514,24656504.039129373,frax
2020-12-26,1.01050694690746,1923199.7012186071,24918932.517946918,frax
2020-12-27,1.0031068343230265,1865761.1444497854,24711252.63297646,frax
2020-12-28,0.9853453084041817,11937442.834567882,24826457.176814083,frax
2020-12-29,1.017660244962475,6585385.997554083,27334159.88552361,frax
2020-12-30,1.0275427014617313,10305443.648961121,32345609.179549616,frax
2020-12-31,1.0068035443556425,30607257.11238162,56528801.30935243,frax
2021-01-01,0.9964030562123515,7352435.589723089,57389050.46784353,frax
2021-01-02,1.0131331061422455,10413778.74358388,71772627.91535997,frax
2021-01-03,1.012722503243817,19240839.737490535,78289715.7592717,frax
2021-01-04,1.006453171678846,14736222.455233755,78876977.86952834,frax
2021-01-05,0.9824241553742068,21723417.092225082,76277371.09677635,frax
2021-01-06,0.9980295909201709,12677825.312359527,77017944.4610766,frax
2021-01-07,1.0108175791536353,13015284.151660021,78335940.66273744,frax
2021-01-08,1.000485600000948,11748327.84801839,76765960.56079437,frax
2021-01-09,1.0029097606075705,11712695.331748439,79297691.75337489,frax
2021-01-10,1.0079863859810347,6032913.647227196,81233221.37442262,frax
2021-01-11,1.004240906473273,12063958.926086035,90274657.2498608,frax
2021-01-12,1.012074266072802,25703669.12256884,92606706.16060068,frax
2021-01-13,1.0102317346254084,22161375.498708848,96899299.43953867,frax
2021-01-14,1.014182647459399,16291743.78445875,100855563.84875758,frax
2021-01-15,1.0167116927351536,11020584.40972364,105241349.48289801,frax
2021-01-16,1.0091373956211254,17570556.950623333,110335305.35363823,frax
2021-01-17,1.0038522635903908,26934113.387886953,119990622.8461943,frax
2021-01-18,0.9934715982428477,21009764.65975982,123762603.42302063,frax
2021-01-19,1.0149708490026594,12817579.406166041,129539791.3956967,frax
2021-01-20,0.9904498024025156,23000045.329289854,134661097.0903064,frax
2021-01-21,1.0150872429838014,25346073.60088241,135199564.31925482,frax
2021-01-22,0.9924804678727246,31726206.030826587,125047957.30386725,frax
2021-01-23,0.9965129427968541,28831296.955569647,119757020.20949267,frax
2021-01-24,0.9886699442605592,21033842.31598959,102916458.06947494,frax
2021-01-25,1.0122278320826799,18363386.17845639,105914744.64751594,frax
2021-01-26,0.9966165935702419,12714487.571509652,105332033.78590952,frax
2021-01-27,0.9877278112539691,16566358.160912286,97512600.73267393,frax
2021-01-28,0.9979775824025333,16387678.564061236,87390206.05301732,frax
2021-01-29,0.9819511743179062,15190045.521384846,84927642.80502668,frax
2021-01-30,0.9913475639629172,9404443.287797147,85235562.9762363,frax
2021-01-31,0.9851367902913503,4925781.649575806,83567865.85525711,frax
2021-02-01,1.0033887322185977,7686419.23888054,85228116.88954931,frax
2021-02-02,0.9940365584596511,6547501.762624803,83355880.99500084,frax
2021-02-03,0.9930274953333136,9931886.716408277,82542321.8072229,frax
2021-02-04,0.9974194916004614,6795109.751806485,82662162.94862254,frax
2021-02-05,0.9806717719505548,8710840.91758488,79647908.84941575,frax
2021-02-06,0.9974282114160866,7055387.742912847,79777271.59957662,frax
2021-02-07,0.9991021132954518,4766492.665504178,78568384.58138466,frax
2021-02-08,0.995157188162069,5728205.023744624,79556282.89594737,frax
2021-02-09,1.0059403147341295,4680195.804991554,79944128.86623454,frax
2021-02-10,1.0057820519181089,14322645.977073537,81494697.13173945,frax
2021-02-11,0.9984385775158019,7498778.660705832,81100467.90119699,frax
2021-02-12,1.0008331724626163,3792412.1918488517,81074410.32132693,frax
2021-02-13,1.0012391007918513,4066889.2561694593,81198439.38517298,frax
2021-02-14,1.0019901168684522,4960938.225440627,82003998.05150194,frax
2021-02-15,0.9944070443934757,6168679.405101923,81924033.23691048,frax
2021-02-16,0.9878412263682385,5577463.834544426,82136782.39546344,frax
2021-02-17,1.0030642552288014,4195838.200510796,82968368.74462767,frax
2021-02-18,0.9964778123061253,3568362.659398241,82291343.55522041,frax
2021-02-19,1.0129296226893787,50460135.086617164,92126876.48770389,frax
2021-02-20,1.0056387475023014,20010516.46525457,92045851.87849885,frax
2021-02-21,1.0061272791421625,13150569.703107288,93277609.15463236,frax
2021-02-22,1.0015838106547443,11856060.556837035,92012973.44229178,frax
2021-02-23,1.0038772624370866,12922558.04313421,89714122.46148622,frax
2021-02-24,1.0102261677080848,19815111.644356206,84533212.70857798,frax
2021-02-25,1.0098758947165372,7507876.91413904,82704161.56814885,frax
2021-02-26,0.9902945677590544,6724082.571397937,80628641.44070493,frax
2021-02-27,1.0007482853942549,7862046.108379086,80241556.08358254,frax
2021-02-28,1.009582476295624,14431017.068803575,81964157.37917201,frax
2021-03-01,1.0014483134610908,13193133.339237407,81869954.72582284,frax
2021-03-02,1.0150424594952598,8495848.691369494,84788805.45968872,frax
2021-03-03,1.0040915360616414,5030229.002665103,84155678.11785835,frax
2021-03-04,0.9966408610127144,5494263.142661155,84358378.87623492,frax
2021-03-05,1.0019214868608113,6412555.362883826,85080083.84334973,frax
2021-03-06,1.0059069673505092,5190682.576373508,84976160.46559782,frax
2021-03-07,0.9979713960652932,4582144.151668157,84561948.4414535,frax
2021-03-08,1.0032407586313643,6567726.883736291,86313524.52664141,frax
2021-03-09,1.006968027572687,4897662.760447224,86441600.68007264,frax
2021-03-10,1.0092108915758307,8953934.008859627,89018113.23830989,frax
2021-03-11,0.9919676264729108,8023400.053841509,88351269.77254705,frax
2021-03-12,0.9990698053714814,10056620.298046207,90649865.85653985,frax
2021-03-13,1.0119974317608798,13409316.890705101,96104004.8361867,frax
2021-03-14,1.0007988219000516,20242728.487599786,103953202.01124622,frax
2021-03-15,0.9972192710641945,15306168.00510357,109959657.23082806,frax
2021-03-16,1.0060574445359682,11785425.303018736,111917334.17005843,frax
2021-03-17,0.9957761527168332,15566066.610803781,111458988.17131308,frax
2021-03-18,1.0037406837611877,8754925.20406687,111509106.63157755,frax
2021-03-19,0.9961410830145023,4928486.40677913,110903302.51104525,frax
2021-03-20,0.997310027296498,6397341.242720652,110688230.46827278,frax
2021-03-21,0.9943199070908806,2391792.1267221547,110429733.54882336,frax
2021-03-22,0.9972468829961679,5558129.7689701365,110551524.46068427,frax
2021-03-23,0.998080068788446,7203653.608204823,108132766.74383476,frax
2021-03-24,0.9997699279242839,8283533.9240706405,107367014.21698,frax
2021-03-25,0.9975335453760716,6747949.052021519,107519250.56410661,frax
2021-03-26,0.9919516836244507,5494504.616409438,103559951.38563064,frax
2021-03-27,1.0105200342219998,4602723.564368651,105618574.54544479,frax
2021-03-28,1.0013851339289752,4394038.502992253,105518043.61118184,frax
2021-03-29,1.007955531909703,4597458.428135994,106401107.96524741,frax
2021-03-30,1.0069204064557669,5061814.218835787,108913906.56581873,frax
2021-03-31,1.0023786296678365,5826816.460375795,110973426.48418003,frax
2021-04-01,0.9976568662120083,6338257.441939066,112839959.43946443,frax
2021-04-02,0.9941508357486246,3824535.316093744,112887483.55571704,frax
2021-04-03,1.0063022064565028,4833365.221795205,116293409.39618176,frax
2021-04-04,0.9838786995593779,5593715.6316077635,114786109.5544628,frax
2021-04-05,0.99935052271955,3075058.2496323623,115542103.99226071,frax
2021-04-06,0.9955852515272057,4748478.817888866,115149714.93976425,frax
2021-04-07,1.0002356617650978,4526658.614664516,115992729.68744156,frax
2021-04-08,0.9934336257079254,10176585.53334699,115265622.42110094,frax
2021-04-09,1.0064838787985755,5539997.5318027865,115992196.32395136,frax
2021-04-10,1.0036316823926101,4184085.313400006,115623107.99573903,frax
2021-04-11,1.0029401037339296,4622949.419212927,116679339.75709657,frax
2021-04-12,1.003023444381247,2633845.06624778,116865207.38481094,frax
2021-04-13,1.0012316501791572,5822813.879682702,116661619.17547196,frax
2021-04-14,1.0057928100441107,4626781.511185167,117011906.04007596,frax
2021-04-15,1.0076206069796512,5665893.880828032,115741815.60219541,frax
2021-04-16,1.0023372023408268,7867916.407519339,115423014.95029871,frax
2021-04-17,0.9979816813029482,5780860.504378881,115192163.80186486,frax
2021-04-18,0.9881864294921525,3196451.142725136,114563144.9297079,frax
2021-04-19,1.0053661289224167,20846169.115240723,114705091.59489201,frax
2021-04-20,0.992957462578734,14916393.859287553,113623538.39032616,frax
2021-04-21,1.003541815417713,9056982.454112861,114761815.64327641,frax
2021-04-22,0.9968277265438363,12103070.088083033,114972838.51476835,frax
2021-04-23,1.0019747697647168,13219138.572456257,117509535.9686441,frax
2021-04-24,1.0060795732226016,23490237.104181044,116791747.80294111,frax
2021-04-25,0.9927728171401166,7464352.770868555,114527476.03234942,frax
2021-04-26,1.0078167922047818,7202898.482697416,116092670.41476364,frax
2021-04-27,1.0030253913570468,9871289.12865699,115918598.45342423,frax
2021-04-28,1.0088811152904709,8360781.386557441,116742469.21319464,frax
2021-04-29,1.0050910381640745,9726387.75155421,118385258.08686528,frax
2021-04-30,1.0070220740095936,9861102.221783215,119253689.51777329,frax
2021-05-01,1.0083733744613999,7124087.24795892,120697323.4796834,frax
2021-05-02,1.0087168481912256,4715178.159702351,122176936.88139848,frax
2021-05-03,1.002712783547529,4534892.694140706,126651951.64614424,frax
2021-05-04,1.0089536307435112,13913801.777674915,132549012.15397218,frax
2021-05-05,0.9929429235880912,18539521.69747674,130439432.58969635,frax
2021-05-06,1.00499052656496,13014228.579615701,131548750.28067546,frax
2021-05-07,0.998855124436886,10024263.562319897,132430907.17306122,frax
2021-05-08,1.0049608228224893,9552486.318022259,133276176.28254311,frax
2021-05-09,1.001166269950964,5771624.497087146,133454444.93710536,frax
2021-05-10,1.001434621535108,3801974.825025266,135242375.11244953,frax
2021-05-11,0.9974634643445307,7632797.356375482,134194128.7775726,frax
2021-05-12,1.0096168209441903,4917739.3894855175,140054631.10873756,frax
2021-05-13,0.9931045399819658,8573490.232901338,141082488.72950524,frax
2021-05-14,1.0069597444336937,16888468.685433004,137854171.9794219,frax
2021-05-15,1.0023928351693325,12937114.719822384,133256437.44181399,frax
2021-05-16,0.9940424105822111,6451181.830120721,131258829.85188855,frax
2021-05-17,1.0101523679446507,10753415.728042284,128769435.5576091,frax
2021-05-18,1.0053723318861882,15212259.082993882,125299869.00549908,frax
2021-05-19,0.9999236852341059,6959006.618326467,123746713.76800668,frax
2021-05-20,0.9840790235923754,48775798.14918731,120592619.93077564,frax
2021-05-21,0.9933947798971574,22955708.88241459,120563871.42254901,frax
2021-05-22,0.9991635618104401,21872331.482125107,119489983.80434783,frax
2021-05-23,0.9912463989950945,14076545.491786012,117066461.9646754,frax
2021-05-24,1.0015936868215665,24746333.152731575,111878205.7741852,frax
2021-05-25,1.0028154583132223,18175312.547734402,112619713.84714243,frax
2021-05-26,1.0021561097788614,12996402.736941207,111910163.25069405,frax
2021-05-27,1.0054590418239484,11467170.261967579,112826194.87632677,frax
2021-05-28,0.9969678194213002,8272927.601156431,111619814.395325,frax
2021-05-29,1.0041010687525946,9398535.77974574,112115883.71935,frax
2021-05-30,1.0002948278312076,33153300.117702194,114008748.58227038,frax
2021-05-31,1.0009194149299527,16074462.46479228,115866637.81820606,frax
2021-06-01,1.0067733195031419,11234990.078130025,117749977.35827674,frax
2021-06-02,1.0056339140791615,12728179.140233638,119456049.432516,frax
2021-06-03,1.0053199301475266,5567237.89784838,120555416.4526146,frax
2021-06-04,1.008360577012508,9157138.031013746,122171586.39955072,frax
2021-06-05,1.0024038501486916,6593433.185754888,121196437.17039399,frax
2021-06-06,1.0011979155538349,4781356.364421284,121420993.53719796,frax
2021-06-07,1.0045457480032443,3922210.773235305,121201937.23374727,frax
2021-06-08,0.9897325688558323,9726334.461740568,120194619.99391627,frax
2021-06-09,1.000925531302923,8559648.012482652,117078355.54746808,frax
2021-06-10,1.003231078631109,9508239.27442003,117033882.90561947,frax
2021-06-11,0.9945560963204262,7664113.204004186,116590769.12318845,frax
2021-06-12,1.0010234375531442,5026340.8774176,115623345.21142,frax
2021-06-13,0.9995409710181066,5071801.742644526,116452978.15477529,frax
2021-06-14,1.0016224477998683,4738018.505707685,116463421.78879303,frax
2021-06-15,1.011459071803534,4657237.191948947,117950347.45762935,frax
2021-06-16,1.0055141435833121,4561416.939116005,117438312.24498619,frax
2021-06-17,0.9981407135715981,11672704.620843783,116448148.71842648,frax
2021-06-18,1.0084375977843245,9528394.80297124,117686839.62244943,frax
2021-06-19,1.0128274871695624,7230086.5944741955,118710628.61335011,frax
2021-06-20,1.0011933005671945,4696313.985797268,123380446.81717947,frax
2021-06-21,1.0063067967938892,6647785.387557406,131709339.38474873,frax
2021-06-22,0.9981883266815637,13298161.985123754,140721940.2909218,frax
2021-06-23,0.9985186351677716,15348791.535335703,128853618.11500897,frax
2021-06-24,1.0053711521736555,9295409.725821573,132983316.32230267,frax
2021-06-25,1.004016206812632,6085352.132564059,133188920.75393033,frax
2021-06-26,0.9990658847816501,11763959.375709822,139927314.80331346,frax
2021-06-27,1.0109285921372606,9510462.689636929,142621259.23960018,frax
2021-06-28,1.0099816153801835,15005830.134071395,145376142.67618462,frax
2021-06-29,1.005082766287355,8302603.377931789,161116683.014564,frax
2021-06-30,1.0028802551563618,7227265.92326453,181206642.0346383,frax
2021-07-01,1.008715446243385,9342063.828472354,182025419.98484322,frax
2021-07-02,1.0054083995234575,7772367.077333627,191511091.68080088,frax
2021-07-03,1.0070918314938206,11335127.866268395,198142348.27770773,frax
2021-07-04,1.005690332633603,11825970.37581053,212718726.36865172,frax
2021-07-05,1.0023220542945985,9906697.197375104,212057340.12558213,frax
2021-07-06,1.0000516903406096,6392116.827789497,211963854.719866,frax
2021-07-07,1.004804661495527,10015873.91872794,218265666.57557473,frax
2021-07-08,0.9958588258870146,9438467.492953306,216717317.692904,frax
2021-07-09,1.0067062781181937,20014205.149266347,224960740.01956633,frax
2021-07-10,1.0000956755767267,9426140.737271383,230574009.9233875,frax
2021-07-11,1.004423303968591,4782285.850061433,230890271.62249696,frax
2021-07-12,0.9997277116511407,2871020.103909086,229861406.49989715,frax
2021-07-13,1.0042563434565024,5405372.994117453,230999912.04990244,frax
2021-07-14,1.0013362928638114,9144684.052973935,230933466.17837337,frax
2021-07-15,0.9995865071303215,6602419.939987012,230109264.6003006,frax
2021-07-16,0.99940599774731,9847211.083024502,233398646.60962066,frax
2021-07-17,0.9944755775987748,8114802.636271447,232151407.68201342,frax
2021-07-18,0.9987310318086352,11709580.375735894,236901439.5593034,frax
2021-07-19,1.0046898977281338,5352462.808219704,237321942.2973741,frax
2021-07-20,1.0049750040951528,16338464.985651007,238067020.19554755,frax
2021-07-21,1.004688441935967,15565468.630049082,242670943.14788675,frax
2021-07-22,1.0085425755303878,11745105.330400033,243595028.81754914,frax
2021-07-23,1.0047772336641467,8791776.899693081,243171133.8076345,frax
2021-07-24,1.0055122340076503,8632850.512699565,243799508.71379983,frax
2021-07-25,1.0051243815838957,8777085.409484845,243283736.8592276,frax
2021-07-26,1.0093326529053135,7285925.915406979,246031105.98620692,frax
2021-07-27,0.9967867409673313,17246807.394930903,244866529.60447064,frax
2021-07-28,1.0020479737207835,11178398.974686164,245836655.58630133,frax
2021-07-29,1.0016675506248347,13889415.11344249,252802115.01436484,frax
2021-07-30,1.0027859358901643,12332587.497288447,253185197.2272236,frax
2021-07-31,1.0060723566077991,10073964.51530065,258685476.79697287,frax
2021-08-01,1.0018420705382813,11095983.354988437,259959782.89881974,frax
2021-08-02,0.9978759902538298,6513216.947834017,258988898.02512753,frax
2021-08-03,0.9989891398906185,10105729.17799221,259978235.47880805,frax
2021-08-04,1.001814755257073,5917626.581561813,260579139.75641444,frax
2021-08-05,1.0022056472191456,12059055.070029322,260707858.94922277,frax
2021-08-06,1.0009746429772495,8226159.683348861,260414908.19920048,frax
2021-08-07,1.001726095182575,6676477.250253472,260437853.4230736,frax
2021-08-08,1.0017492310468767,11087781.425167326,260783790.69342515,frax
2021-08-09,0.9991839371437907,6518215.687850521,259115537.8776061,frax
2021-08-10,1.0006290453963762,10517106.909910267,260419509.21612832,frax
2021-08-11,0.9991728452384363,5786945.585575537,259807713.71209833,frax
2021-08-12,0.9990864982026878,10912806.86505,259527029.39920524,frax
2021-08-13,1.0020213349743792,7583395.126999385,260720887.68522823,frax
2021-08-14,1.0055705970940922,8202261.470641553,261672399.9558184,frax
2021-08-15,1.0024247345312345,22568979.33938072,256628453.90615588,frax
2021-08-16,0.9992593906603624,17451001.159718964,271590446.3696547,frax
2021-08-17,0.9999716171250395,14541690.30743232,272833800.6255596,frax
2021-08-18,0.9961323284862892,11335905.65143877,278301380.1585745,frax
2021-08-19,1.0004174886377069,8051518.782183857,278986878.99860835,frax
2021-08-20,1.004593968214942,6000595.311093958,282090410.4526134,frax
2021-08-21,1.0012707341923581,22596827.083797973,287238445.0241154,frax
2021-08-22,0.9959109422717034,8668196.32225863,298884513.1446893,frax
2021-08-23,1.0075172924707847,6125544.569203504,302321711.61822796,frax
2021-08-24,0.9992993098639412,49839641.66103938,307120134.5439656,frax
2021-08-25,0.9993120161307715,23803502.793374572,307415414.67472935,frax
2021-08-26,0.999869305589107,18897683.630547628,307670334.27784,frax
2021-08-27,0.9988960517643402,12586003.78101026,310754599.8373016,frax
2021-08-28,0.9997803992519332,11420187.189466745,310654428.76130784,frax
2021-08-29,1.0008278267057382,8624916.792127008,311472282.1406108,frax
2021-08-30,0.9983703769997606,5174346.2032747185,311150864.79732436,frax
2021-08-31,0.9933714932537108,4613247.771793886,310049160.3917115,frax
2021-09-01,1.0004642114839972,17403652.623836804,311968668.67816067,frax
2021-09-02,1.0049564648279197,6817326.843654964,316518078.9327343,frax
2021-09-03,0.9955584870383802,3740532.8725813646,313349339.71477073,frax
2021-09-04,0.9971875363033398,4753628.1025688,313252370.3395278,frax
2021-09-05,1.0017175800530755,4212526.894201612,315188681.75655454,frax
2021-09-06,0.9963960426823041,4078711.24963625,313168688.1805401,frax
2021-09-07,1.0063296219230895,5552788.0332125565,317235260.0780636,frax
2021-09-08,1.0026112861713374,19005921.461095862,315777795.9565456,frax
2021-09-09,1.0019315487485592,6735248.063929667,316077323.74544096,frax
2021-09-10,0.9992632141854199,14768177.688061358,317237545.7490231,frax
2021-09-11,0.9991264532347024,10034222.770358762,316889820.76649594,frax
2021-09-12,0.994720450952819,2499210.6853529494,315083413.0352066,frax
2021-09-13,0.9979277100922637,10748543.410557274,316935400.0694798,frax
2021-09-14,1.0019321228014042,15748565.850427693,323889079.5372235,frax
2021-09-15,1.0022415454923697,8844255.453132667,323188406.62043166,frax
2021-09-16,1.0071053053167287,9127708.333685365,325173046.78700227,frax
2021-09-17,1.0021263841168575,8833695.311916664,329452514.34364337,frax
2021-09-18,1.003006752130475,16494231.467845177,329772091.7145354,frax
2021-09-19,0.9977902632929815,6477819.719998686,337493046.50598973,frax
2021-09-20,1.003382344854095,15386778.927721674,342108477.0310522,frax
2021-09-21,0.9934610235077271,22321865.588719074,335246326.01503503,frax
2021-09-22,0.9955979908999948,13396621.649418283,334550284.52985805,frax
2021-09-23,1.0031462449561626,15224600.455535738,340069594.49650705,frax
2021-09-24,1.0011056970601,5801873.374943798,339521492.311106,frax
2021-09-25,1.0069740264189322,21795284.86607265,341904204.3637288,frax
2021-09-26,1.0036208881142394,17655701.63466,341277604.50080055,frax
2021-09-27,1.008257181680567,7346808.073363639,341934261.2729826,frax
2021-09-28,0.9904671870800583,8246473.1287694,335861137.53252137,frax
2021-09-29,0.992892375869569,6961541.9918728005,346311099.94849503,frax
2021-09-30,1.0085679317316572,9044957.319584208,352350388.637138,frax
2021-10-01,0.998988754041447,5872185.705214597,350182642.5588134,frax
2021-10-02,1.004746202773994,12570601.817963136,351257107.0815502,frax
2021-10-03,0.9931836554625318,3611816.9702381557,347853608.32303256,frax
2021-10-04,1.0004320022974613,6632145.223964416,352306858.0338233,frax
2021-10-05,1.0005339623929768,10920497.531500882,352247441.326169,frax
2021-10-06,1.0053946952385846,9353216.58454332,352178689.65775514,frax
2021-10-07,1.0126318122489508,8064037.136619852,368483795.40749645,frax
2021-10-08,0.9964925442706293,8311012.1839940455,371998485.3692188,frax
2021-10-09,1.0005512646988886,8863012.935616612,383442463.980033,frax
2021-10-10,1.0055867465446942,6531322.545335289,394757249.83366054,frax
2021-10-11,1.0008176887561249,8834822.681277432,393876895.0362552,frax
2021-10-12,1.0102277655298364,13613177.818423774,396194349.5676883,frax
2021-10-13,1.0075076543073131,17378805.398473877,404640035.98949355,frax
2021-10-14,1.0025395720629762,9753112.82754157,407923046.96140236,frax
2021-10-15,1.0061828953756657,12908027.871028835,423892655.24950594,frax
2021-10-16,1.0020135889050197,61119510.12069262,423496680.2935363,frax
2021-10-17,1.003256375831471,15486803.673540313,443610323.11963356,frax
2021-10-18,1.0032481401492435,14857935.2303373,451312638.1103803,frax
2021-10-19,0.997613418425717,11355006.221420871,450186366.84576786,frax
2021-10-20,1.0008365235008498,10806683.935479516,464204327.40284216,frax
2021-10-21,1.004900112568925,5131556.705841752,465295241.83286065,frax
2021-10-22,1.0081213533290292,25466646.247271337,480415967.8496085,frax
2021-10-23,1.002751848732367,7727957.291966239,477300918.03212404,frax
2021-10-24,1.0235295390217742,7289822.385875068,497980852.7939895,frax
2021-10-25,1.0165639787877667,13174435.713418331,494362702.7082008,frax
2021-10-26,0.9978381159518617,31431950.644917913,505372285.19270486,frax
2021-10-27,1.001874861428324,77090298.60703285,522062503.17883265,frax
2021-10-28,1.0072510945060853,27602889.509103317,540679642.7838216,frax
2021-10-29,1.0066855918387885,24298282.514486447,553654574.0891523,frax
2021-10-30,1.0014662239853356,11893971.72406592,592032323.0728697,frax
2021-10-31,1.0035570072791284,6508064.895092991,608540794.8875343,frax
2021-11-01,0.9998139047992668,8029168.978708609,605267446.548626,frax
2021-11-02,0.9998818273097437,5655275.061062485,621172758.0587103,frax
2021-11-03,1.0141859301904155,20093322.72492053,628144621.9312625,frax
2021-11-04,1.0036687184412605,12069274.453421393,648333169.0931444,frax
2021-11-05,1.0070328395789876,16578380.097572317,656850919.0008925,frax
2021-11-06,1.0040055586872525,9294285.54602118,659468427.9088395,frax
2021-11-07,1.0071221361978393,9129191.231101148,679978906.213476,frax
2021-11-08,1.0038792370125191,16324741.846157407,682910641.3132735,frax
2021-11-09,1.0056230029858932,6458765.255380805,733686620.6348677,frax
2021-11-10,1.0170864298434075,4264425.848448374,821401545.1227149,frax
2021-11-11,1.010830977736744,7075104.253169604,839166784.4858327,frax
2021-11-12,1.0054732194513594,27192304.215368837,851124606.929214,frax
2021-11-13,1.006604643581759,32260726.21428184,900275773.0558994,frax
2021-11-14,1.0235974126978924,2548234.694857075,947821381.8733875,frax
2021-11-15,1.0085366402104463,19263962.706675366,950984283.6117188,frax
2021-11-16,1.005208421388293,21738203.771197766,971357708.0491655,frax
2021-11-17,1.005159267651394,17662999.290102992,997474396.8283316,frax
2021-11-18,1.0102769308662085,14755873.469753226,997856219.2122004,frax
2021-11-19,1.0021924380000227,14949470.26780683,1023451653.5012739,frax
2021-11-20,1.0026979727088265,21859515.61161026,1060986962.9718225,frax
2021-11-21,1.00799910199313,7787627.203820998,1092749946.1735578,frax
2021-11-22,0.9965242576368227,29971156.020156916,1100411861.4158118,frax
2021-11-23,0.9976448011017249,42391639.02235545,1121427262.4554715,frax
2021-11-24,1.0115567502245386,25338132.51314592,1136634146.8627274,frax
2021-11-25,0.9986277989179781,29021602.237253334,1137805665.4677572,frax
2021-11-26,1.000419827125521,16100126.842907188,1142070885.5753603,frax
2021-11-27,0.9923835602994924,31123923.686543845,1127907112.6662183,frax
2021-11-28,1.0038124437492173,14516922.919553043,1154641137.7653985,frax
2021-11-29,1.020222532230113,34339784.87663149,1203069212.4374382,frax
2021-11-30,1.0147543585725811,48167696.92039816,1218031971.4612937,frax
2021-12-01,0.9923600903317753,78527887.98283355,1229042712.6882849,frax
2021-12-02,1.0161423564286098,50112212.48392019,1248504712.5184288,frax
2021-12-03,0.9960627542109166,54733679.30290097,1253104894.651795,frax
2021-12-04,1.0020496295356747,51159163.03022262,1260437333.5298946,frax
2021-12-05,0.9978752268088825,39321587.492819354,1256693565.8330116,frax
2021-12-06,1.003874232870353,21580293.936575986,1262298737.039583,frax
2021-12-07,1.0065524083845199,44011240.51037243,1290794247.7343051,frax
2021-12-08,1.0081899887773853,22088403.52325799,1349672579.8575537,frax
2021-12-09,1.0003198058047482,20782581.048920404,1374271206.0449944,frax
2021-12-10,0.9958323703208797,35113852.96525016,1426657277.3109598,frax
2021-12-11,0.9951944600962042,28390080.199377302,1417503855.3550925,frax
2021-12-12,1.0058632361948352,17012188.610149067,1436589634.7933216,frax
2021-12-13,1.0043561232276172,21508115.62974484,1466781183.5353754,frax
2021-12-14,0.9984565306963399,21191333.026515353,1485756753.4005494,frax
2021-12-15,1.0051372057094063,19520519.911229387,1488977346.0595355,frax
2021-12-16,1.0020901003601321,20608833.818792004,1486063161.7213683,frax
2021-12-17,0.9986073901374718,13908522.115059463,1479785955.4826741,frax
2021-12-18,1.0010051917418936,35720372.67260357,1486690936.559524,frax
2021-12-19,1.0039709400939603,31502642.630704828,1507227236.5319254,frax
2021-12-20,1.0029445077573191,11016603.741512746,1510761615.3464198,frax
2021-12-21,1.0051413183282314,19128249.4646458,1518390282.246838,frax
2021-12-22,1.0025349060779956,21139122.90725523,1516939017.7145672,frax
2021-12-23,1.0045151386782714,17579097.833183177,1539821005.5480263,frax
2021-12-24,1.008513028459952,21909731.79164765,1613748386.6893754,frax
2021-12-25,1.0004130207307118,20416017.260372367,1621135015.6201496,frax
2021-12-26,1.0001781121703108,11621533.01692442,1621146229.424699,frax
2021-12-27,1.0042148705327145,12798042.83225756,1627273416.8190377,frax
2021-12-28,0.9946765042481623,25379887.66324726,1613753859.9294167,frax
2021-12-29,1.0045717403971304,22598457.655007523,1675551287.5952628,frax
2021-12-30,1.0012514008248656,27628773.86017012,1738003392.2324262,frax
2021-12-31,1.0091406051430234,50708874.10636565,1769768653.2426386,frax
2022-01-01,1.004109040297206,35336768.53111678,1812050599.7416532,frax
2022-01-02,1.0088786041432882,34532089.09232248,1832826729.0865145,frax
2022-01-03,1.010889105741434,23618341.509245127,1867007114.1911922,frax
2022-01-04,1.0097126591072445,37173335.77813919,1900565770.2284641,frax
2022-01-05,1.006362778815725,39065898.11408349,1947057933.8544934,frax
2022-01-06,1.0034641797726722,46024766.43353213,1933685675.6984866,frax
2022-01-07,1.003126617408753,38032134.0552144,1933321374.786011,frax
2022-01-08,1.0028425738590925,49366503.503170155,1931540731.6487403,frax
2022-01-09,0.9966552578363763,34902355.3433107,1919668588.0412345,frax
2022-01-10,0.9984689283849664,22585490.634191368,1922085616.295528,frax
2022-01-11,0.998344552133099,42732159.99936993,2021057558.814678,frax
2022-01-12,0.9995096789246175,34686918.95942168,2094948052.1743877,frax
2022-01-13,0.9994087976718293,27947804.625652324,2093556970.5756738,frax
2022-01-14,1.0041303711030736,42290617.05571635,2117560700.4501774,frax
2022-01-15,1.0011722311735602,25484751.594240498,2105483210.935764,frax
2022-01-16,1.0025233111342482,14560810.752496295,2168544540.3265376,frax
2022-01-17,1.0064809456356116,23198556.86893056,2175366519.338339,frax
2022-01-18,1.0010171366711358,58589285.42367054,2226496053.8965616,frax
2022-01-19,1.0018379520964373,36159590.74564741,2232309146.113046,frax
2022-01-20,0.996122451910183,31496658.04411662,2408301934.9465084,frax
2022-01-21,0.9965151782663062,36704181.076991394,2649180732.921049,frax
2022-01-22,1.0015454532791979,51180667.265826374,2643893400.148207,frax
2022-01-23,1.0068073083155957,55668195.31358986,2588094909.9851084,frax
2022-01-24,1.0101518979620419,23619316.500076465,2655498190.4321284,frax
2022-01-25,1.0064707460708333,44501845.61464545,2650487214.8051834,frax
2022-01-26,1.0031275112424125,22265649.587415967,2641741789.376543,frax
2022-01-27,1.0037692049740932,27923223.77590876,2638428645.121245,frax
2022-01-28,1.0113027808039496,29707802.878789622,2649326084.6725116,frax
2022-01-29,1.0068074443574424,32047082.952316716,2634186935.809365,frax
2022-01-30,1.001912811041535,15897546.599183006,2639673376.5573416,frax
2022-01-31,1.0022318937439005,12581248.912880935,2646560817.311841,frax
2022-02-01,1.0027798908378376,20458594.409828026,2641439437.2135024,frax
2022-02-02,1.005204232238188,15136680.932297407,2653710654.088823,frax
2022-02-03,0.9973849475654092,13646647.63801047,2634595186.970123,frax
2022-02-04,1.0031928446068077,16009955.288845016,2655124280.9672904,frax
2022-02-05,1.0019976769545298,19782251.329411127,2644039980.4444547,frax
2022-02-06,1.0003030868958362,11584099.358989982,2659442833.160028,frax
2022-02-07,1.0012945543672649,12689085.78936903,2658162366.850452,frax
2022-02-08,0.9956311357486035,7893198.716725403,2639062527.2595716,frax
2022-02-09,1.0019085900570068,20260989.19178502,2658683405.4831505,frax
2022-02-10,1.0002861077384917,18322381.023769233,2649126715.282713,frax
2022-02-11,0.9974255318475385,21954635.78501954,2642022956.4470787,frax
2022-02-12,0.999993214090093,18887627.573501352,2654269059.613745,frax
2022-02-13,1.0017814248171826,26620763.583170343,2654033732.3031654,frax
2022-02-14,0.9994929434918823,13547452.12743081,2654538026.1394515,frax
2022-02-15,1.0006115519860086,25556529.73380951,2655244959.1661315,frax
2022-02-16,1.001403359925152,18910630.30047643,2662890957.8929043,frax
2022-02-17,0.9961113225356779,20133820.690821223,2647291436.9240427,frax
2022-02-18,0.9995623023204226,14297647.077634294,2653714319.6984615,frax
2022-02-19,1.00179813306104,20133602.915903114,2661037759.454952,frax
2022-02-20,1.0033184021191637,19748916.30536242,2657757365.064141,frax
2022-02-21,0.9998046920196132,16734572.467662334,2656887106.8175263,frax
2022-02-22,0.9982142221403417,22411108.287149213,2648273764.7558117,frax
2022-02-23,1.0037698361196334,20718467.839765903,2664065456.667746,frax
2022-02-24,0.9993243764206382,20730696.454416063,2654383616.1524296,frax
2022-02-25,1.0020866469177234,68568235.13530381,2658337900.882104,frax
2022-02-26,1.0012772455879293,60637573.812186226,2798110198.5857544,frax
2022-02-27,1.0019267439163528,35309716.34225041,2807564947.162649,frax
2022-02-28,1.0012785353972056,36336182.36235245,2861508206.4196777,frax
2022-03-01,1.002659695864107,21740966.064690486,2860174081.303722,frax
2022-03-02,0.9998080370222417,60124069.32240639,2851273729.361746,frax
2022-03-03,0.9987529934057476,22746656.27364289,2898464905.3623905,frax
2022-03-04,0.9993285678906589,36353147.99412321,2904666535.5918007,frax
2022-03-05,1.0016196328648588,30322356.18495162,2903224550.4659314,frax
2022-03-06,1.0025262986076087,24849777.758257218,2906076947.683331,frax
2022-03-07,0.9997797536400441,91817639.84389925,2901906626.298556,frax
2022-03-08,1.000175054910058,37066970.78877922,2903046358.851934,frax
2022-03-09,0.9987545929200596,16102956.24971869,2902550868.751818,frax
2022-03-10,1.0001226142627733,38968119.15323601,2903728674.472968,frax
2022-03-11,0.9992286364255017,21185079.693512436,2902159579.428281,frax
2022-03-12,0.9977672911756169,13290885.315990284,2900371548.812211,frax
2022-03-13,0.9994645329749275,31263396.31355253,2907207254.685845,frax
2022-03-14,0.9984533032717249,13960748.414844517,2898278194.321515,frax
2022-03-15,1.0009222437297822,18546131.788583197,2914273110.65727,frax
2022-03-16,0.9942541202943168,25803837.12561528,2873702896.5521035,frax
2022-03-17,1.0005997112762512,20253201.245476533,2879286360.7406197,frax
2022-03-18,0.9987877311951335,13343972.970248843,2868198197.991067,frax
2022-03-19,0.999846719497768,22676974.279563736,2827507875.6830554,frax
2022-03-20,1.0001027512997849,13757890.02894039,2809256923.70302,frax
2022-03-21,0.9987540760296046,14531767.434190158,2806888826.6989355,frax
2022-03-22,0.999102192224186,35328304.36320966,2809301366.33098,frax
2022-03-23,0.9982464803798781,23671764.612737138,2786499106.7019553,frax
2022-03-24,0.9984290143980247,23496676.756876614,2789442693.6723337,frax
2022-03-25,0.9969075851394472,26923708.212914992,2784873022.991705,frax
2022-03-26,0.9986261669388175,32970552.179949336,2790375574.463894,frax
2022-03-27,0.9987806329615939,21272257.05729439,2793036229.7246633,frax
2022-03-28,0.997009398277878,19746251.326974675,2785776191.0828676,frax
2022-03-29,0.9964887920244446,21268575.131328482,2685845540.052258,frax
2022-03-30,0.9997744842614054,39483336.75502797,2688862041.9990664,frax
2022-03-31,0.9995663844689925,19713752.56632811,2693292526.3429046,frax
2022-04-01,1.0012237904465087,26285298.8246334,2681511843.460908,frax
2022-04-02,1.0010822904458212,31553174.10190809,2695361786.677287,frax
2022-04-03,0.998728888042617,142828204.05950177,2686407351.9819627,frax
2022-04-04,0.9989739787265823,82841912.17070267,2684707493.626651,frax
2022-04-05,0.9984598870791022,61998323.702300034,2787637031.2810016,frax
2022-04-06,0.9989900409823428,52645731.506945275,2786874882.4696856,frax
2022-04-07,0.9942974847080013,41385796.89462285,2677876337.9836555,frax
2022-04-08,0.9963334925706337,36127060.10660009,2692194037.2066617,frax
2022-04-09,0.9983607862927534,69519336.63283084,2684722217.735207,frax
2022-04-10,0.9981331633388522,38904347.93320549,2691619227.820126,frax
2022-04-11,0.9998300455265652,22788155.073411986,2684341849.974012,frax
2022-04-12,0.9987445717723263,44031555.87019477,2697148907.9858174,frax
2022-04-13,1.004526226432322,32388980.05408974,2704895603.6666517,frax
2022-04-14,1.000395471916287,68997351.02987933,2698765240.0757675,frax
2022-04-15,1.001060271476405,35083983.527884945,2700498764.567008,frax
2022-04-16,1.002211541324932,17729852.690662876,2702083195.465795,frax
2022-04-17,1.000867148961054,9317950.461353572,2700957015.505336,frax
2022-04-18,1.0004863724671724,23591171.554545168,2694944277.502508,frax
2022-04-19,1.001215934142632,57101032.71205265,2699700789.3224244,frax
2022-04-20,1.0002941631888458,37261557.04783776,2696978255.5159893,frax
2022-04-21,0.9996036367629709,55211284.862882055,2696744937.9240665,frax
2022-04-22,1.0001136559843045,41335876.447964035,2697385795.1205626,frax
2022-04-23,1.0010982908101596,27921595.41643426,2702137949.7196374,frax
2022-04-24,1.0006831035850836,12369141.387002228,2695316000.4306083,frax
2022-04-25,0.9965883560018094,11864330.74090378,2690787638.663361,frax
2022-04-26,0.9992185721470045,26331894.066857167,2693824357.4943256,frax
2022-04-27,1.0005498865595235,30210649.463902485,2694480869.587631,frax
2022-04-28,1.000506450928729,18876637.910821877,2696157994.00674,frax
2022-04-29,0.9987260409052036,25198905.17153959,2692945230.206305,frax
2022-04-30,1.0005747581976197,24148006.50342193,2698787477.4614844,frax
2022-05-01,1.0017210967232797,41602182.376959234,2702884757.158685,frax
2022-05-02,1.0004778097334335,16952102.182943482,2637932941.0652833,frax
2022-05-03,1.000980310463045,19235643.988113705,2635455569.091765,frax
2022-05-04,0.9984357522808677,34901344.84496685,2635708852.3893857,frax
2022-05-05,1.000599084961289,40231743.662297964,2635435776.884833,frax
2022-05-06,1.0008923258127143,58371885.02688603,2640027929.3337364,frax
2022-05-07,1.0026300638434194,36437251.95406597,2642921359.230295,frax
2022-05-08,1.0001336466690796,24258929.88566123,2645982431.0666475,frax
2022-05-09,1.0003970035669931,37070740.491117485,2636365038.9596033,frax
2022-05-10,0.9982136414347964,54112638.883169495,2646149159.627185,frax
2022-05-11,0.9999244986473129,51332868.026531786,2599896581.7337255,frax
2022-05-12,0.9958109795453961,252064055.43841866,1996891074.5448873,frax
2022-05-13,0.9977774419719944,489134911.3343221,1699488401.2595615,frax
2022-05-14,1.000183876924119,141351166.20406562,1505936831.1790485,frax
2022-05-15,1.0036408155678949,49579184.00531381,1486216833.0205464,frax
2022-05-16,0.9999666309234699,44976175.38370391,1486293636.1732054,frax
2022-05-17,1.001515026263892,16465267.267492998,1498861728.0662923,frax
2022-05-18,1.0007309798750696,21774948.344970893,1488009732.5604377,frax
2022-05-19,1.0001494985115589,15981460.834587423,1434706745.8944821,frax
2022-05-20,1.0011763360472299,31752613.286975127,1420475880.4246864,frax
2022-05-21,1.0007745911509949,29685174.69189621,1421947586.1423142,frax
2022-05-22,1.0011924854229286,18977891.936874893,1422682464.736026,frax
2022-05-23,0.9999779992442888,24972897.116492484,1413167519.4535139,frax
2022-05-24,1.0003199809449888,25628698.96096228,1412643573.5416994,frax
2022-05-25,0.9996203934922704,29594821.988456648,1412816747.878082,frax
2022-05-26,0.9995285528757826,19029153.51502976,1416586079.8496668,frax
2022-05-27,1.000735705796575,9466831.671084998,1418226180.2213554,frax
2022-05-28,1.001003425264777,10998100.795195203,1417156786.7605634,frax
2022-05-29,1.0025090356876944,6913315.048375698,1428578431.9303858,frax
2022-05-30,1.0009695273914632,4814023.709842284,1427850242.8873565,frax
2022-05-31,1.000475565926507,10447902.709288778,1425965620.5733001,frax
2022-06-01,0.999480133922258,9698786.53756739,1426963789.0215685,frax
2022-06-02,1.0009133779637582,18110181.09890188,1430361387.7244737,frax
2022-06-03,1.0000026150981245,16721677.427870871,1429851456.0367498,frax
2022-06-04,0.9995154631109183,8862514.240205336,1477854731.6482515,frax
2022-06-05,1.0017683924639522,10639023.86210478,1478099704.5792196,frax
2022-06-06,1.0007048248273531,20061581.489137392,1479997935.7446077,frax
2022-06-07,0.9999404746808649,15353949.301808748,1476642483.6816103,frax
2022-06-08,1.0008824434322563,14843437.513327584,1499434915.249459,frax
2022-06-09,0.9992694035892753,15696370.357656373,1493302679.5350537,frax
2022-06-10,0.9997404684611749,15447770.995294604,1491991409.5119512,frax
2022-06-11,1.0015158311574326,10416520.066092104,1513895806.5266979,frax
2022-06-12,1.0012229752393935,9025486.786435772,1513126567.0610578,frax
2022-06-13,1.0033806143796145,12246691.461781573,1519951154.4878757,frax
2022-06-14,1.0011789621167406,43556985.25064399,1510374815.4624085,frax
2022-06-15,1.0022860473074044,32698308.561294373,1513979337.3079727,frax
2022-06-16,1.0002317859822836,45877829.652124725,1463693129.591821,frax
2022-06-17,1.0027850566000323,10332157.545933878,1467407025.6294553,frax
2022-06-18,1.000722939782334,11051059.705521217,1464127543.2815452,frax
2022-06-19,1.0019222811580117,64657803.28888782,1430358988.6181011,frax
2022-06-20,0.9993296868154898,23044419.417247765,1428838474.1072416,frax
2022-06-21,0.9998093881274499,19463276.408290587,1427218044.9035265,frax
2022-06-22,0.9925126399659043,11957157.727271153,1417393339.2540245,frax
2022-06-23,0.9995486048076865,12837560.473985631,1426541694.8883193,frax
2022-06-24,0.999958563648998,10068505.26643085,1425815172.63513,frax
2022-06-25,1.0003039832922394,7085644.570764843,1399975203.0712705,frax
2022-06-26,1.0005627050597234,2591624.967507912,1396346995.5456762,frax
2022-06-27,0.9988213794035624,2545379.510739259,1398630750.1017318,frax
2022-06-28,0.998549261839809,8274073.488695894,1365062259.836695,frax
2022-06-29,0.9887051671428059,3058037.772121075,1351540480.8022745,frax
2022-06-30,1.000011663134678,12264731.30184819,1367639247.5546477,frax
2022-07-01,0.9860516524293944,7048840.656826964,1360659195.8347924,frax
2022-07-02,1.0013913142590412,10451323.800973164,1368464881.2121477,frax
2022-07-03,0.9998129864587227,2529422.587619665,1366157572.6664824,frax
2022-07-04,0.9955381699368384,1972849.0112818116,1362550433.6686065,frax
2022-07-05,0.9986323137031418,15574313.279256755,1366847460.0180004,frax
2022-07-06,0.9983128975635462,5609291.160238873,1367424197.9571826,frax
2022-07-07,0.9993442666447128,6561794.40324654,1365486729.0828674,frax
2022-07-08,1.0008541064013363,3004239.7723569316,1369648841.5754573,frax
2022-07-09,0.9978134191653039,2884897.9552549613,1364931613.8669634,frax
2022-07-10,0.9984221163784822,1728557.5982375483,1366569499.5135088,frax
2022-07-11,1.0014447160152262,2253532.693047877,1366722748.1094298,frax
2022-07-12,0.9992762374148031,2273991.3621340957,1365342283.0309613,frax
2022-07-13,1.001616232649674,5559525.463847098,1365966453.2870877,frax
2022-07-14,0.9990632736300367,6391892.323954277,1367403293.5315108,frax
2022-07-15,1.0001420699735994,6740862.445717557,1366239943.822768,frax
2022-07-16,0.9986921260511439,4437364.304657393,1362361761.6222703,frax
2022-07-17,1.0005857756678338,6051908.197420836,1367865054.7295334,frax
2022-07-18,0.9978162159851008,3166213.801722339,1365755499.0282972,frax
2022-07-19,1.0008226760893595,6903153.7656828,1365597598.304701,frax
2022-07-20,0.9989763152135853,7973842.812617617,1386767035.8823826,frax
2022-07-21,0.9988794176623943,12847182.163542034,1405422514.3972948,frax
2022-07-22,0.9986764512828277,5016456.396364751,1408826638.264667,frax
2022-07-23,1.000168737506417,3057999.4702813723,1403985965.6246192,frax
2022-07-24,1.000447620219802,2412608.672556644,1406688307.110036,frax
2022-07-25,0.9979369113075979,2285973.833625791,1408061872.3592892,frax
2022-07-26,1.0037694147025147,10246591.806219257,1407082791.019666,frax
2022-07-27,1.0009062339051176,3144695.3569807373,1407368740.8001888,frax
2022-07-28,0.9974931339306184,3583848.69928591,1406740527.0000174,frax
2022-07-29,0.9996084514000347,16214113.538157472,1426797124.3356347,frax
2022-07-30,0.9989285743828432,8854094.195035897,1451192543.4272726,frax
2022-07-31,1.0005830388312458,4407885.039925843,1466477645.6892881,frax
2022-08-01,1.0025832639535628,6234200.249033577,1466172392.1884325,frax
2022-08-02,1.001447605311604,9702326.435668278,1465700262.3932247,frax
2022-08-03,0.998432955469303,8147458.03301587,1465692835.4266098,frax
2022-08-04,1.0019077666431153,5120339.58995937,1427464448.1923451,frax
2022-08-05,1.0013111370015697,3887034.4332327107,1426493592.857962,frax
2022-08-06,1.0009664059446255,3340653.0541017177,1425499434.2200892,frax
2022-08-07,1.0003656226550994,5406491.425129098,1426830386.6439006,frax
2022-08-08,1.0004309055198464,2598174.5792595693,1424674311.60671,frax
2022-08-09,1.0011855595819088,7402354.14575076,1427674152.304434,frax
2022-08-10,0.9891452236921459,7805159.755179133,1405327698.6539376,frax
2022-08-11,0.9990287820753482,4501598.36604021,1422802569.567139,frax
2022-08-12,1.0015541866127604,10210746.377333196,1424262759.6974878,frax
2022-08-13,1.0022495692125164,6008766.750906731,1435632686.9281356,frax
2022-08-14,0.9994881527799001,2533187.440117905,1431004899.6670616,frax
2022-08-15,0.9989646560532739,2959527.288555688,1430278575.659367,frax
2022-08-16,1.00113135037361,3082552.3126629293,1432948412.9312155,frax
2022-08-17,1.0009174498289068,2441059.069991092,1417960293.0914648,frax
2022-08-18,1.0010534494034309,21571838.11707213,1446825568.0207605,frax
2022-08-19,0.9845871064278346,9814180.267617235,1425079777.5254035,frax
2022-08-20,0.9921789483975811,25394762.213387527,1434057778.4629602,frax
2022-08-21,0.9985459537942957,4405629.2636255585,1444309983.3494687,frax
2022-08-22,1.0010990618766793,8650642.04302742,1448146966.6610446,frax
2022-08-23,0.9971577028330358,4397016.7153177075,1443248826.1186063,frax
2022-08-24,0.9896692499369085,4336900.090649208,1433723660.0868711,frax
2022-08-25,0.9918207042719364,1825172.658731384,1436255626.3030553,frax
2022-08-26,1.0002218410242534,6499287.638886162,1449406084.1904624,frax
2022-08-27,1.001036087410397,7053689.979750385,1448915534.1841135,frax
2022-08-28,1.0001440564060966,6011300.781341926,1499134605.2710357,frax
2022-08-29,1.0018955965002303,2327099.3164427304,1499713756.2972622,frax
2022-08-30,1.0010354149092686,4423608.773817546,1497532233.7370033,frax
2022-08-31,0.9979731814819568,2635106.495464301,1495733294.486718,frax
2022-09-01,0.9979618598199257,1612418.3892464454,1495419609.4720857,frax
2022-09-02,1.001029386730606,3633725.2699442343,1490676066.2169106,frax
2022-09-03,0.9991048105437769,4817513.242032066,1490161898.1216025,frax
2022-09-04,0.9990578823473911,8951403.032540068,1490300100.8610928,frax
2022-09-05,0.9976033066636044,5635320.38650656,1487554410.377025,frax
2022-09-06,0.9983028526784509,9849419.276115317,1481485859.046877,frax
2022-09-07,0.9977548570884177,20322650.41054048,1482634344.9229248,frax
2022-09-08,0.9982153862938569,16698170.804440202,1483432736.8631241,frax
2022-09-09,0.9989128752654739,6021989.418040227,1480562561.5088744,frax
2022-09-10,1.0011701695957949,10593434.089680977,1464653489.1312838,frax
2022-09-11,1.0016252293288699,6934890.069944594,1466019286.3634086,frax
2022-09-12,0.9981023078114123,7770081.556227272,1466367824.1271625,frax
2022-09-13,1.0003972512829935,7827980.035357514,1466933880.184122,frax
2022-09-14,0.9973188352857708,12518941.888870044,1465899299.8717737,frax
2022-09-15,0.9996572242505322,13445914.459423596,1419522930.691954,frax
2022-09-16,0.9990864738556015,9215736.83282987,1419294084.6191185,frax
2022-09-17,0.9982252710522262,12608621.50869002,1422565152.2971914,frax
2022-09-18,0.9993760715828449,5342647.888801416,1427736332.6408012,frax
2022-09-19,0.9990084746364544,6165706.492225893,1419444230.834571,frax
2022-09-20,0.9987426893798125,8078032.794980285,1358418749.560828,frax
2022-09-21,0.9996995484207819,10229652.86265842,1361083561.5836132,frax
2022-09-22,0.9998137704008832,12863609.023518011,1359340417.4612975,frax
2022-09-23,1.000307147742999,17461956.34152451,1353564524.1348019,frax
2022-09-24,0.999588227413525,6680224.1800578,1357893696.4371834,frax
2022-09-25,1.0000003884047017,2465815.722713207,1353959579.2451775,frax
2022-09-26,1.0020159957982113,1828559.2253928632,1360011142.9113817,frax
2022-09-27,0.9979081794304069,5061798.021302087,1352438089.21547,frax
2022-09-28,0.9982164479687715,2907307.7798892804,1354419185.2216084,frax
2022-09-29,1.0027075257625355,9836359.696496671,1359319451.7358108,frax
2022-09-30,0.9993426800852365,16307517.92759817,1352783090.6718152,frax
2022-10-01,0.9995174925398529,7328867.623226167,1356566921.0557284,frax
2022-10-02,0.9943874837854683,11330130.409097046,1349156605.0877888,frax
2022-10-03,0.9975486502420828,5906316.735027137,1358236960.8019094,frax
2022-10-04,0.9975073304972162,11089835.980177319,1354848987.00188,frax
2022-10-05,1.0009939420416252,7867893.451357418,1354697302.812776,frax
2022-10-06,0.996535712315321,12509836.101166748,1355347294.8889785,frax
2022-10-07,1.0009630135744347,13560828.962906096,1357647015.166148,frax
2022-10-08,1.0020808164662611,11558564.645231707,1357857827.1601048,frax
2022-10-09,0.9967325953964191,5360566.2816154435,1355221414.896597,frax
2022-10-10,0.9879389762751002,1560884.00900819,1342319984.0513875,frax
2022-10-11,0.9991556422307764,2761086.225206458,1358642097.0376852,frax
2022-10-12,0.9983279478712451,12532243.250405578,1357634970.675866,frax
2022-10-13,0.9977942785983633,19098516.876782972,1359303213.5572236,frax
2022-10-14,1.000623051584795,7346963.457310117,1362446436.3205676,frax
2022-10-15,0.9986985775882175,12859462.90023314,1357231262.327492,frax
2022-10-16,1.0001462895785864,5575061.542000806,1362168061.112425,frax
2022-10-17,1.000408104355291,3659192.8848664854,1363964643.0465791,frax
2022-10-18,0.9991379505800809,4010094.4872734877,1361270863.7337184,frax
2022-10-19,0.9971208801154984,10653340.956734622,1360462198.4021509,frax
2022-10-20,0.9978692133190189,14248166.15480365,1361353891.3973804,frax
2022-10-21,0.9974920048932006,7432067.447172497,1359703636.1213634,frax
2022-10-22,0.9977304170923799,16050889.544768458,1364148346.9823925,frax
2022-10-23,0.9980508761636407,2707063.3633943535,1362715279.7476647,frax
2022-10-24,0.9997601583931516,32360956.919304274,1364676306.2996702,frax
2022-10-25,0.9990766411791238,13883530.93130135,1214581396.0047948,frax
2022-10-26,0.9981873226477594,7374540.60430062,1213076254.0308423,frax
2022-10-27,0.9995963618368741,12482270.996844277,1214408490.2609205,frax
2022-10-28,0.9976018684424607,4297704.13497845,1214872334.3186932,frax
2022-10-29,0.9995350266476076,7633647.265944257,1215723196.2921584,frax
2022-10-30,0.9986339886552145,13763972.040073311,1213742680.2340555,frax
2022-10-31,0.997780258531217,9295504.88952422,1213392624.7643523,frax
2022-11-01,0.9973767374414276,5582672.223354925,1215068430.4128773,frax
2022-11-02,1.0013533566522015,5470248.316546407,1214119964.1863534,frax
2022-11-03,0.9992065044047261,5932686.224366671,1213845720.1142874,frax
2022-11-04,0.9976058839509898,6034120.92361803,1212873992.7547243,frax
2022-11-05,0.9988854837014053,7421251.386919231,1219041062.7116196,frax
2022-11-06,0.9981091875071669,8066164.22612603,1222044400.0082552,frax
2022-11-07,0.9982506156821008,5409883.452012618,1222346632.1910443,frax
2022-11-08,1.0016583117845956,9737669.11268125,1225435128.5489833,frax
2022-11-09,0.9983779228742637,19410914.273007624,1220104543.4698126,frax
2022-11-10,0.9886152849156556,80316972.55873546,1208851536.7713008,frax
2022-11-11,0.9994045658891996,393279247.27853614,1224885928.351466,frax
2022-11-12,1.0009650844074323,31033556.87423706,1224048293.398862,frax
2022-11-13,1.0000716908804186,18894045.359469004,1221265908.363359,frax
2022-11-14,0.9999298369108396,27788028.13029701,1191888931.1615932,frax
2022-11-15,0.9971729545657153,7514986.055655524,1178844259.109767,frax
2022-11-16,0.9989954650016681,10422611.359170176,1178753831.688235,frax
2022-11-17,1.0024395936639798,14928319.901233198,1176729247.1853309,frax
2022-11-18,0.9977383659792968,40106241.08986855,1174739723.5324485,frax
2022-11-19,0.999277267725225,6163551.625033284,1177103767.364798,frax
2022-11-20,1.0003480212164026,7776500.350268191,1178422240.5556855,frax
2022-11-21,1.000102642896596,10515487.0642113,1178587576.7945938,frax
2022-11-22,1.0006577990767607,8251738.650420419,1178295058.2781765,frax
2022-11-23,0.9984232688957485,17438531.257169724,1178585344.6418614,frax
2022-11-24,0.9968039606708009,9505329.388191117,1178309500.1372972,frax
2022-11-25,1.0003870529208365,7357043.24486921,1177837204.1859279,frax
2022-11-26,1.000162119395577,6739629.970642417,1178495455.0120416,frax
2022-11-27,0.9995535722050881,8665875.360991213,1176694047.7208524,frax
2022-11-28,1.0010799845229612,5664518.666122494,1178278192.0715334,frax
2022-11-29,0.9996348202659118,13479690.8405992,1026802728.0064015,frax
2022-11-30,0.9997427187990502,8381979.258880368,1021672598.6920058,frax
2022-12-01,0.9998990935354851,16213661.563502217,1018434423.9449062,frax
2022-12-02,0.9995646592114064,8433989.6151864,1017966529.0349755,frax
2022-12-03,1.0006299773501122,12402849.621790992,1018352145.6795925,frax
2022-12-04,1.0011287321612803,5684447.056376504,1022743461.6254469,frax
2022-12-05,0.9990931917086546,5588203.2645703275,1016064224.5937228,frax
2022-12-06,0.999309105135645,9759846.659112148,1018240857.93831,frax
2022-12-07,0.9995581788206678,5038874.475447224,1017072765.796983,frax
2022-12-08,0.9995351825895914,16986631.764490444,1022643453.2464604,frax
2022-12-09,1.0001155347727406,8396402.250523428,1024072406.109785,frax
2022-12-10,0.9997266627747077,6527922.550929116,1022816653.944747,frax
2022-12-11,1.0003367180599663,5456303.054988817,1022660054.7007672,frax
2022-12-12,1.0010955371157775,8069102.305229492,1024459164.4530059,frax
2022-12-13,0.9969802174015666,8471172.300523974,1021155671.1909446,frax
2022-12-14,0.9991089912186041,17116698.34156,1022973538.970146,frax
2022-12-15,1.0010685593591768,17747410.108707186,1023072799.5345298,frax
2022-12-16,0.9996363604899575,8561734.454694467,1023111404.2358317,frax
2022-12-17,0.9999200000600251,10506935.71596906,1019452383.7981099,frax
2022-12-18,0.9997702914309502,7152640.009807273,1022930564.3655568,frax
2022-12-19,0.999658803941316,4340761.815414933,1022087192.9842439,frax
2022-12-20,0.9987044154675363,7125743.50139218,1021462448.2418257,frax
2022-12-21,0.9994942077806173,11869965.960961912,1022966336.1615618,frax
2022-12-22,1.0000717056272785,6890699.106666985,1021842525.928835,frax
2022-12-23,1.0002766035014397,5217394.913766632,1022428056.726627,frax
2022-12-24,1.0008013793664174,3717731.359121572,1018062360.8709601,frax
2022-12-25,0.9993556243412687,2229359.364726057,1017870675.4833068,frax
2022-12-26,0.9986599502781357,1201396.3978240588,1016898082.2921891,frax
2022-12-27,0.9984440341347312,7407566.421312139,1018260089.7777956,frax
2022-12-28,1.0000397434328911,7949019.81637426,1018887710.6689076,frax
2022-12-29,0.9997372407783226,11099280.108378867,1017494806.1026431,frax
2022-12-30,1.0006376293658144,5683468.07656053,1018432002.460625,frax
2022-12-31,0.9993875484121989,4475830.364261193,1017642871.1514328,frax
2023-01-01,0.9993141284203427,4833775.428762209,1017349292.9122571,frax
2023-01-02,0.9988440252365655,4164949.8309993106,1017536652.1747392,frax
2023-01-03,1.0002858435027073,9165111.030710736,1018159784.5259519,frax
2023-01-04,1.0003600500535024,8508826.676506799,1018511843.2870487,frax
2023-01-05,0.9986285241605364,7838272.0689653605,1016411260.116128,frax
2023-01-06,0.9988711607783121,3294741.4098740113,1017362667.2340062,frax
2023-01-07,0.999342471198834,6054524.042122369,1018128942.1735746,frax
2023-01-08,1.0004361065572491,3561027.010801712,1018863075.6506339,frax
2023-01-09,1.001028489898295,7153124.601720521,1019444478.8464997,frax
2023-01-10,1.0002132256956802,7706222.838268313,1018316292.4806491,frax
2023-01-11,0.9996584460371861,5898465.558951946,1017840825.3105105,frax
2023-01-12,1.0058001385914612,9788123.300558373,1025634137.8671833,frax
2023-01-13,0.99721688373852,16204761.569120489,1016049487.0158148,frax
2023-01-14,0.999839181727177,13415823.746849988,1018211200.1747221,frax
2023-01-15,1.0005110956083092,17080298.643537182,1018347398.2963183,frax
2023-01-16,0.9971052420070392,36378696.02899086,1016814507.3412509,frax
2023-01-17,0.9987554768585358,44003151.26925968,1016448865.0794641,frax
2023-01-18,0.9977080695382938,29240693.540024012,1015661543.0458984,frax
2023-01-19,0.9961401117808377,28895193.64736757,1017393536.0921226,frax
2023-01-20,1.0015091477424982,23903980.000489764,1020501681.0176532,frax
2023-01-21,0.9997513781784918,32334227.44688579,1018182539.9074681,frax
2023-01-22,0.9980735508717171,21111517.58772678,1013292890.5392231,frax
2023-01-23,1.0042883312525455,13574731.408910416,1019473604.2787908,frax
2023-01-24,0.9999427110215764,15686282.89771949,1016203020.7685108,frax
2023-01-25,1.0011554321039218,21064373.804154173,1019653404.5899799,frax
2023-01-26,1.000744843424162,26580802.550332706,1019445520.4739015,frax
2023-01-27,1.0003013348910166,28875094.072817076,1018589839.2725555,frax
2023-01-28,1.0023787048532689,11155695.617508985,1020431369.9947995,frax
2023-01-29,1.0017668895331027,18236511.52052976,1020942040.3587582,frax
2023-01-30,0.9999818722180089,10360118.327446776,1018132478.6637049,frax
2023-01-31,1.0004154194572947,14863304.31524347,1022934441.902905,frax
2023-02-01,1.0001501510379207,12354182.737536225,1022541683.4090383,frax
2023-02-02,1.004848653980859,20171696.531364165,1026780973.5091573,frax
2023-02-03,0.9991848038485927,22510885.84535592,1021504389.0184247,frax
2023-02-04,1.000558984657261,16426474.820272623,1024817712.0294862,frax
2023-02-05,1.0003489347334202,12913197.923421958,1024020773.1434851,frax
2023-02-06,0.9987958838630756,13441505.997406092,1023622892.6700149,frax
2023-02-07,0.998472799024564,32813481.55983748,1020126352.672043,frax
2023-02-08,1.0018189265687434,36496072.0910494,1025918152.582956,frax
2023-02-09,1.0018545491873747,19163964.94861822,1024452149.13581,frax
2023-02-10,1.0012447189464453,60920157.21889906,1025547705.6980685,frax
2023-02-11,1.008761029240045,22069890.630770415,1033631749.1884812,frax
2023-02-12,0.9993605120199067,9516224.736869816,1022856154.8824148,frax
2023-02-13,1.0015695787958967,13034015.176858278,1025716428.4720538,frax
2023-02-14,0.999907061970826,41940811.85863272,1024406044.5467256,frax
2023-02-15,1.0008158498016082,24896245.503031928,1025206984.0360261,frax
2023-02-16,1.0016138909007988,16674982.435349349,1029787142.7141861,frax
2023-02-17,1.008123111569397,20931764.26866767,1037310026.1076397,frax
2023-02-18,0.9996422207494071,18188345.236700755,1030897647.4679232,frax
2023-02-19,0.9982139765221085,16083961.411921773,1031045053.7575665,frax
2023-02-20,0.9989517053811987,6672305.501477879,1034330623.360419,frax
2023-02-21,0.9995348961802555,11982509.276906293,1032098138.3567749,frax
2023-02-22,1.0003694012521822,13164482.584641136,1033951172.0399966,frax
2023-02-23,0.9986462150873394,16685553.32193046,1034736545.8760213,frax
2023-02-24,0.998806040510029,19023752.970994823,1030889893.8444037,frax
2023-02-25,1.0000418749599478,8246569.841886749,1040447031.9755633,frax
2023-02-26,1.00191490596327,10421061.722029239,1042669160.7490324,frax
2023-02-27,0.999996188043745,7263503.653614232,1039996488.070793,frax
2023-02-28,1.0024297307274224,18106262.133009933,1041202923.600532,frax
2023-03-01,1.0006034936372505,15036465.2754801,1037995133.3908719,frax
2023-03-02,0.9998383837543977,17178251.92086142,1040957679.520072,frax
2023-03-03,1.0001519956023508,13499691.260831084,1039870376.0047765,frax
2023-03-04,1.0008006885786787,12112248.411555821,1040314185.0828435,frax
2023-03-05,1.0017011574498462,11984447.090262013,1041995345.537659,frax
2023-03-06,0.9989075101239411,13765421.481503453,1038817852.3995512,frax
2023-03-07,0.99680272302706,6121104.1384269465,1036874653.1096346,frax
2023-03-08,1.0007899503775253,10135605.150125688,1038287197.2310386,frax
2023-03-09,0.9994385266090093,10577184.8415889,1045436432.2602615,frax
2023-03-10,1.0009265782659043,19529165.94433691,1045147148.0964906,frax
2023-03-11,0.9946024779409713,86059548.086338,1037349795.1337316,frax
2023-03-12,0.9645234764765132,317046953.04862726,1006875524.4839317,frax
2023-03-13,0.9947234458920519,125284480.40105233,1036142207.4721583,frax
2023-03-14,0.9969356877206027,49631422.99547244,1042591073.7626929,frax
2023-03-15,0.9974496532424335,34545951.31781748,1042936431.4015535,frax
2023-03-16,1.00128576224894,19670066.46257407,1045668374.3224832,frax
2023-03-17,1.002342458287488,13405429.778094629,1048590994.9170923,frax
2023-03-18,1.0030948315086223,10371864.548901739,1048360819.1092242,frax
2023-03-19,1.003176949366086,10541864.774643708,1048034027.6941352,frax
2023-03-20,1.0013775914796572,6750513.412118866,1046315087.6499656,frax
2023-03-21,1.006762774048256,12835449.726373645,1051691966.2255156,frax
2023-03-22,1.0037308709860553,9894870.97998647,1047869358.3544822,frax
2023-03-23,1.0052106979715065,15127330.622322809,1049802137.893134,frax
2023-03-24,1.0024739357209678,9496084.629128454,1046889715.4458145,frax
2023-03-25,1.001149400872768,8733984.020177038,1051891064.2042819,frax
2023-03-26,1.005109670401721,5790930.476439701,1049947719.3683039,frax
2023-03-27,0.9977765222184471,2661486.614353505,1044247570.6789612,frax
2023-03-28,1.000585490465454,11180013.638216523,1044249169.330673,frax
2023-03-29,0.9994006336237362,8371843.560857303,1044114486.7808424,frax
2023-03-30,1.0009454255510661,11798478.516383287,1045666586.0434228,frax
2023-03-31,1.0018542630448235,11078246.259803576,1047014585.720302,frax
2023-04-01,0.998956833690132,10610985.858539602,1043971260.3072418,frax
2023-04-02,0.9989705252382791,7245624.196641457,1044106618.6667902,frax
2023-04-03,1.0010936574751275,4953195.85800233,1046081769.7193946,frax
2023-04-04,0.9995018511170313,13215599.475818122,1046392643.8217934,frax
2023-04-05,1.0017866438787644,8027461.256067985,1045550690.6803911,frax
2023-04-06,0.9990521463323114,11877558.31843915,1044591548.6204453,frax
2023-04-07,0.9998553728903962,6258207.2506770445,1044888522.777552,frax
2023-04-08,0.9996617365910542,5194668.958541601,1044549896.2074783,frax
2023-04-09,1.0002596390873988,4088388.8845421914,1044334046.26002,frax
2023-04-10,0.9994236838244558,9049755.302359255,1044838005.6218234,frax
2023-04-11,0.9999644703895023,7140135.838741913,1043897744.7678765,frax
2023-04-12,0.9993784590253516,6390640.540224548,1043865324.8800973,frax
2023-04-13,0.9995726946234427,7014866.033614955,1043679106.4200463,frax
2023-04-14,1.0010439735438534,9137696.14350653,1045230244.7891406,frax
2023-04-15,0.999734320653651,10061709.857471183,1044532587.2414769,frax
2023-04-16,0.9989716856303589,6767233.898670794,1043335175.582011,frax
2023-04-17,1.0005284919050936,4487890.932755937,1045173221.4834664,frax
2023-04-18,0.999407060548076,7282370.893457427,1037684000.669332,frax
2023-04-19,0.9990993800297859,9182426.93669113,1038095422.0428814,frax
2023-04-20,0.999150803100589,10688609.649060864,1039017578.7968509,frax
2023-04-21,1.0022353880001644,16640770.947527174,1041478375.2936329,frax
2023-04-22,1.0005883038806584,16079793.991438732,1038934746.204736,frax
2023-04-23,0.999728337228146,7874878.129678375,1038497453.3452518,frax
2023-04-24,1.001878531605104,6110985.413033561,1041929561.9910252,frax
2023-04-25,1.001097459690832,5999378.828937344,1040671188.8697395,frax
2023-04-26,1.0014129765851527,7958368.54648971,1005914648.6289971,frax
2023-04-27,0.9974337820451591,20033071.965427123,1003074123.1467096,frax
2023-04-28,0.9985010539591628,9489778.068296967,1004405619.1507717,frax
2023-04-29,0.9995002600594407,6516236.00179794,1003759672.775458,frax
2023-04-30,1.0006606727149576,3787513.7289349884,1005067754.9092643,frax
2023-05-01,0.9973694428564385,3576312.537096011,1001419962.4673164,frax
2023-05-02,0.9992360518141223,4175976.85545807,1003372279.6482146,frax
2023-05-03,0.9997384610108794,6599988.233596023,1002884856.5667968,frax
2023-05-04,0.9970714759354905,7035255.542244978,1000229892.4639268,frax
2023-05-05,0.998025434694794,7689725.235285417,1002311258.4044986,frax
2023-05-06,0.9997308414004966,6492855.548201323,1003192576.3478432,frax
2023-05-07,0.9993820391635525,6547745.254661284,1002807020.1951283,frax
2023-05-08,0.9969782172224504,3045502.336027341,1000953762.1298637,frax
2023-05-09,0.9999506210824443,12345192.415337479,1003676644.0460367,frax
2023-05-10,0.9986363402408353,4814166.9156688,1003752926.0832176,frax
2023-05-11,0.9992733448376041,10595903.91954118,1002730243.2920513,frax
2023-05-12,1.0015036835130642,15973893.4501284,1006213028.6340927,frax
2023-05-13,0.9994422549140265,10096983.253026208,1003615213.9338835,frax
2023-05-14,0.9971278520948491,4721420.520703373,1004214614.9871647,frax
2023-05-15,0.9973923353387742,3169658.9350552624,1001435839.7459744,frax
2023-05-16,0.9999819809062322,7061314.722217887,1001742539.1941115,frax
2023-05-17,0.9990544380913805,11051835.721640281,1003032603.2082605,frax
2023-05-18,0.9969028391254209,6274244.567925707,1001368566.2859422,frax
2023-05-19,0.9978280776066567,8457947.771708779,1003251485.8990303,frax
2023-05-20,0.9980596492297158,6443445.466876786,1002612313.8174666,frax
2023-05-21,0.9992061089111576,3529995.735065053,1003276043.2168909,frax
2023-05-22,1.0001979353625348,2932086.9015053557,1004398321.8955424,frax
2023-05-23,1.002218160851714,4404137.525814085,1006106761.4565961,frax
2023-05-24,0.9995843059410586,10611933.454203267,1003126227.3957673,frax
2023-05-25,0.9984626963974153,7221906.588933282,1003053988.1325604,frax
